﻿{"cameraMode":{"drawMode":0,"name":"Shaded","section":"Shading Mode"},"sceneLighting":false,"audioPlay":false,"sceneViewState":{"showFog":true,"showMaterialUpdate":true,"showSkybox":false,"showFlares":true,"showImageEffects":true,"showParticleSystems":true},"in2DMode":false,"pivot":{"x":-49.18061828613281,"y":2.9088239669799806,"z":-62.099998474121097},"rotation":{"x":0.08389189839363098,"y":-0.014946594834327698,"z":0.0012584738433361054,"w":0.9963626265525818},"size":3.0870108604431154,"orthographic":false}