﻿{"cameraMode":{"drawMode":0,"name":"Shaded","section":"Shading Mode"},"sceneLighting":false,"audioPlay":false,"sceneViewState":{"showFog":true,"showMaterialUpdate":true,"showSkybox":false,"showFlares":true,"showImageEffects":true,"showParticleSystems":true},"in2DMode":false,"pivot":{"x":1.1125483512878419,"y":2.771389961242676,"z":-2.7915825843811037},"rotation":{"x":0.06899436563253403,"y":0.3415037989616394,"z":-0.02514583058655262,"w":0.9370073676109314},"size":1.4275915622711182,"orthographic":false}