﻿{"cameraMode":{"drawMode":0,"name":"Shaded","section":"Shading Mode"},"sceneLighting":false,"audioPlay":false,"sceneViewState":{"showFog":true,"showMaterialUpdate":true,"showSkybox":false,"showFlares":true,"showImageEffects":true,"showParticleSystems":true},"in2DMode":false,"pivot":{"x":-0.2498559057712555,"y":1.6204829216003419,"z":-8.894838333129883},"rotation":{"x":0.16390500962734223,"y":0.39577552676200869,"z":-0.07201904058456421,"w":0.9007278680801392},"size":4.415497779846191,"orthographic":false}