﻿{"cameraMode":{"drawMode":0,"name":"Shaded","section":"Shading Mode"},"sceneLighting":true,"audioPlay":false,"sceneViewState":{"showFog":true,"showMaterialUpdate":true,"showSkybox":true,"showFlares":true,"showImageEffects":true,"showParticleSystems":true},"in2DMode":false,"pivot":{"x":-82.34346008300781,"y":-33.7805061340332,"z":49.19203186035156},"rotation":{"x":0.16405199468135835,"y":-0.14005430042743684,"z":0.023536963388323785,"w":0.9761752486228943},"size":89.82212829589844,"orthographic":false}