﻿{"cameraMode":{"drawMode":0,"name":"Shaded","section":"Shading Mode"},"sceneLighting":false,"audioPlay":false,"sceneViewState":{"showFog":true,"showMaterialUpdate":true,"showSkybox":false,"showFlares":true,"showImageEffects":true,"showParticleSystems":true},"in2DMode":false,"pivot":{"x":-2.572999954223633,"y":1.819000005722046,"z":-4.809999942779541},"rotation":{"x":0.16390500962734223,"y":0.39577552676200869,"z":-0.07201904058456421,"w":0.9007278680801392},"size":0.8660253882408142,"orthographic":false}