﻿{"cameraMode":{"drawMode":0,"name":"Shaded","section":"Shading Mode"},"sceneLighting":false,"audioPlay":false,"sceneViewState":{"showFog":true,"showMaterialUpdate":true,"showSkybox":false,"showFlares":true,"showImageEffects":true,"showParticleSystems":true},"in2DMode":false,"pivot":{"x":-64.5999984741211,"y":2.4600000381469728,"z":-65.05000305175781},"rotation":{"x":0.20678310096263886,"y":0.04401058703660965,"z":-0.009311536327004433,"w":0.9773523807525635},"size":3.464101552963257,"orthographic":false}