﻿{"cameraMode":{"drawMode":0,"name":"Shaded","section":"Shading Mode"},"sceneLighting":false,"audioPlay":false,"sceneViewState":{"showFog":true,"showMaterialUpdate":true,"showSkybox":false,"showFlares":true,"showImageEffects":true,"showParticleSystems":true},"in2DMode":false,"pivot":{"x":-3.701603889465332,"y":2.0889999866485597,"z":-9.800000190734864},"rotation":{"x":0.16390500962734223,"y":0.39577552676200869,"z":-0.07201904058456421,"w":0.9007278680801392},"size":1.0392307043075562,"orthographic":false}