﻿{"cameraMode":{"drawMode":0,"name":"Shaded","section":"Shading Mode"},"sceneLighting":false,"audioPlay":false,"sceneViewState":{"showFog":true,"showMaterialUpdate":true,"showSkybox":false,"showFlares":true,"showImageEffects":true,"showParticleSystems":true},"in2DMode":false,"pivot":{"x":-1.69679856300354,"y":2.2701773643493654,"z":0.0006129592657089233},"rotation":{"x":0.20678310096263886,"y":0.04401058703660965,"z":-0.009311536327004433,"w":0.9773523807525635},"size":0.6116160750389099,"orthographic":false}