﻿{"cameraMode":{"drawMode":0,"name":"Shaded","section":"Shading Mode"},"sceneLighting":false,"audioPlay":false,"sceneViewState":{"showFog":true,"showMaterialUpdate":true,"showSkybox":false,"showFlares":true,"showImageEffects":true,"showParticleSystems":true},"in2DMode":false,"pivot":{"x":-0.2209605574607849,"y":1.1512759923934937,"z":-3.443317413330078},"rotation":{"x":0.16390500962734223,"y":0.39577552676200869,"z":-0.07201904058456421,"w":0.9007278680801392},"size":5.327591896057129,"orthographic":false}