﻿{"cameraMode":{"drawMode":0,"name":"Shaded","section":"Shading Mode"},"sceneLighting":false,"audioPlay":false,"sceneViewState":{"showFog":true,"showMaterialUpdate":true,"showSkybox":false,"showFlares":true,"showImageEffects":true,"showParticleSystems":true},"in2DMode":false,"pivot":{"x":1.5999995470046998,"y":0.9699998497962952,"z":9.660001754760743},"rotation":{"x":0.16390500962734223,"y":0.39577552676200869,"z":-0.07201904058456421,"w":0.9007278680801392},"size":0.6116158366203308,"orthographic":false}